Name,Adult,Episode_Run_Time,Genres,First_Air_Date,Last_Air_Date,Networks,Number_of_Episodes,Number_of_Seasons,Status,Popularity
Gecekondu,false,0.0,"[""Komedi""]",2010-07-09,2011-01-28,"[""Star TV""]",30.0,1.0,Ended,8.552
Kanıt,false,75.0,"[""Suç"", ""Gizem""]",2010-07-08,2013-02-03,"[""Kanal D""]",100.0,3.0,Ended,59.381
Şen Yuva,false,90.0,"[""Komedi"", ""Aile""]",2010-07-05,2010-12-24,"[""atv"", ""FOX""]",20.0,2.0,Ended,8.543
Mükemmel Çift,false,0.0,"[""Komedi""]",2010-06-22,2010-08-10,"[""Kanal D""]",8.0,1.0,Ended,6.262
Cuma'ya Kalsa,false,60.0,"[""Komedi"", ""Aile""]",2010-04-19,2010-07-05,"[""Kanal D""]",12.0,1.0,Ended,15.754
Türk Malı,false,90.0,"[""Komedi"", ""Aile""]",2010-03-15,2017-09-27,"[""Show TV"", ""Star TV""]",41.0,4.0,Ended,7.99
Kalp Ağrısı,false,90.0,"[""Dram""]",2010-03-14,2010-06-06,"[""atv""]",13.0,1.0,Ended,6.53
Gönülçelen,false,90.0,"[""Dram""]",2010-02-26,2011-06-24,"[""atv""]",56.0,2.0,Ended,28.394
Aşk ve Ceza,false,90.0,"[""Dram""]",2010-01-05,2011-06-14,"[""atv""]",62.0,2.0,Ended,21.78
Makber,false,90.0,"[""Aile"", ""Dram""]",2009-12-23,2010-02-03,"[""Star TV""]",6.0,1.0,Ended,8.03
Sakarya-Fırat,false,90.0,"[""Savaş & Politik"", ""Aile"", ""Dram""]",2009-12-16,2013-06-05,"[""TRT 1""]",151.0,4.0,Ended,9.247
Samanyolu,false,90.0,"[""Dram""]",2009-12-01,2010-06-25,"[""atv""]",29.0,1.0,Ended,13.262
Kasaba,false,90.0,"[""Dram""]",2009-10-21,2010-03-03,"[""atv""]",20.0,1.0,Ended,11.833
Bu Kalp Seni Unutur Mu?,false,70.0,"[""Dram"", ""Savaş & Politik""]",2009-10-13,2010-02-09,"[""Show TV""]",17.0,1.0,Ended,12.22
Hesaplaşma,false,80.0,"[""Suç"", ""Aksiyon & Macera""]",2009-10-12,2010-01-04,"[""TRT 1""]",13.0,1.0,Ended,6.202
IV. Osman,false,90.0,"[""Suç"", ""Komedi""]",2009-10-06,2010-06-22,"[""Samanyolu TV""]",38.0,1.0,Ended,2.425
Ezel,false,120.0,"[""Suç"", ""Dram"", ""Aksiyon & Macera""]",2009-09-28,2011-06-20,"[""Show TV"", ""atv""]",71.0,2.0,Ended,68.04
Aşk Bir Hayal,false,90.0,"[""Aile"", ""Dram""]",2009-09-25,2009-09-25,"[""atv""]",1.0,2.0,Ended,1.082
Bahar Dalları,false,80.0,"[""Dram"", ""Aile""]",2009-09-22,2010-04-13,"[""TRT 1""]",30.0,1.0,Ended,11.205
Acemi Müezzin,false,0.0,"[""Komedi""]",2009-09-20,2009-09-23,"[""TRT 1""]",4.0,1.0,Ended,12.342
Hanımın Çiftliği,false,90.0,"[""Aile"", ""Dram""]",2009-09-04,2011-06-17,"[""Kanal D""]",70.0,2.0,Ended,24.946
Ömre Bedel,false,100.0,"[""Aile"", ""Dram""]",2009-08-25,2011-05-24,"[""FOX""]",71.0,2.0,Ended,14.681
Deniz Yıldızı,false,60.0,"[""Dram""]",2009-08-24,2015-09-07,"[""FOX"", ""Show TV"", ""Star TV""]",224.0,7.0,Ended,8.729
Ramazan Güzeldir,false,30.0,"[""Komedi"", ""Aile""]",2009-08-21,2009-08-21,"[""TRT 1""]",1.0,1.0,Ended,2.113
Ey Aşk Nerdesin?,false,90.0,"[""Komedi"", ""Aile""]",2009-08-13,2009-09-17,"[""atv""]",6.0,1.0,Ended,7.658
Geniş Aile,false,90.0,"[""Komedi"", ""Aile""]",2009-07-08,2011-11-04,"[""Kanal D"", ""Star TV""]",108.0,3.0,Ended,26.471
Unutulmaz,false,90.0,"[""Dram""]",2009-07-01,2010-10-13,"[""atv""]",2.0,2.0,Ended,6.023
Kapadokya Düşleri,false,70.0,"[""Dram""]",2009-06-22,2009-09-14,"[""TRT 1""]",13.0,1.0,Ended,2.68
Aile Reisi,false,75.0,"[""Aile"", ""Komedi""]",2009-06-22,2009-10-19,"[""Star TV""]",18.0,1.0,Ended,11.306
Bir Bulut Olsam,false,90.0,"[""Dram""]",2009-05-25,2009-12-24,"[""Kanal D""]",29.0,2.0,Ended,33.534
Ah Kalbim,false,60.0,"[""Komedi"", ""Aile""]",2009-05-22,2009-11-13,"[""TRT 1""]",26.0,1.0,Ended,10.622
Haneler,false,80.0,"[""Komedi""]",2009-05-19,2010-05-11,"[""Kanal D"", ""Star TV""]",52.0,1.0,Ended,5.209
Zoraki Başkan,false,60.0,"[""Aile"", ""Komedi"", ""Savaş & Politik""]",2009-05-08,2010-03-26,"[""TRT 1""]",47.0,1.0,Ended,6.795
Yapma Diyorum,false,60.0,"[""Komedi""]",2009-04-10,2009-04-24,"[""TRT 1""]",3.0,1.0,Ended,1.541
Ayrılık,false,90.0,"[""Dram"", ""Savaş & Politik""]",2009-03-31,2009-10-13,"[""TRT 1""]",2.0,2.0,Ended,6.478
Papatyam,false,90.0,"[""Aile"", ""Komedi""]",2009-01-06,2011-11-29,"[""Star TV""]",121.0,4.0,Ended,12.734
Kahramanlar,false,0.0,String[],2009-01-05,2009-03-09,"[""Show TV""]",10.0,1.0,Ended,7.323
Melekler Korusun,false,90.0,"[""Komedi"", ""Dram""]",2009-01-01,2010-08-06,"[""Show TV""]",73.0,2.0,Ended,20.236
Canım Ailem,false,90.0,"[""Aile"", ""Komedi""]",2008-11-18,2010-05-18,"[""atv""]",63.0,2.0,Ended,16.037
Adanalı,false,90.0,"[""Suç"", ""Aksiyon & Macera"", ""Komedi"", ""Dram""]",2008-11-07,2010-11-07,"[""atv""]",79.0,3.0,Ended,24.999
Karamel,false,90.0,"[""Dram""]",2008-11-03,2008-11-17,"[""Show TV""]",3.0,1.0,Ended,2.645
Kendi Okulumuza Doğru,false,0.0,"[""Aile"", ""Dram""]",2008-10-18,2008-10-18,"[""Samanyolu TV""]",1.0,1.0,Ended,1.709
Aşk Yakar,false,80.0,"[""Aile"", ""Komedi"", ""Dram""]",2008-10-17,2009-03-06,"[""Kanal D""]",21.0,1.0,Ended,11.254
Kayıp Prenses,false,80.0,"[""Çocuklar"", ""Bilim Kurgu & Fantazi""]",2008-10-13,2009-04-27,"[""atv"", ""Star TV""]",29.0,1.0,Ended,14.445
1 Kadın 1 Erkek,false,30.0,"[""Komedi""]",2008-10-02,2011-10-02,"[""Turkmax""]",128.0,4.0,Ended,13.57
Sen Harikasın,false,60.0,"[""Komedi""]",2008-09-29,2008-09-29,"[""Turkmax""]",1.0,4.0,Ended,1.458
Nerede Kalmıştık,false,60.0,"[""Komedi""]",2008-09-25,2008-12-18,"[""Turkmax""]",13.0,1.0,Ended,1.96
Dalgakıran,false,0.0,"[""Dram""]",2008-09-16,2008-10-07,"[""TRT 1""]",4.0,1.0,Ended,1.018
Gece Sesleri,false,90.0,"[""Dram"", ""Aile""]",2008-09-05,2009-01-23,"[""Show TV""]",26.0,1.0,Ended,6.149
Aşk-ı Memnu,false,84.0,"[""Aile"", ""Dram""]",2008-09-04,2010-06-26,"[""Kanal D""]",120.0,2.0,Ended,47.46
Son Bahar,false,0.0,String[],2008-09-01,2008-10-27,String[],8.0,1.0,Ended,3.31
Es-Es,false,90.0,"[""Dram"", ""Aile"", ""Aksiyon & Macera""]",2008-08-16,2009-01-03,"[""atv"", ""Show TV""]",21.0,1.0,Ended,16.749
Kız Takımı,false,90.0,"[""Dram""]",2008-08-11,2008-10-20,"[""FOX""]",11.0,1.0,Ended,5.85
Doludizgin Yıllar,false,90.0,"[""Dram""]",2008-08-06,2009-10-19,"[""atv"", ""TRT 1""]",2.0,2.0,Ended,2.015
İpsiz Recep,false,60.0,"[""Dram"", ""Savaş & Politik""]",2008-08-01,2008-09-12,"[""TRT 1""]",26.0,1.0,Ended,8.712
Eyvah Halam,false,100.0,"[""Aile"", ""Dram""]",2008-07-30,2008-08-27,"[""Star TV""]",5.0,1.0,Ended,5.524
Mert ile Gert,false,90.0,"[""Aile"", ""Komedi""]",2008-07-18,2009-02-03,"[""TRT 1""]",27.0,1.0,Ended,20.249
Son Ağa,false,80.0,"[""Aile"", ""Komedi""]",2008-07-17,2008-12-18,"[""Star TV""]",23.0,1.0,Ended,7.337
Servet Avcısı,false,0.0,"[""Aile"", ""Komedi""]",2008-07-14,2008-08-18,"[""atv""]",6.0,1.0,Ended,2.87
Akasya Durağı,false,90.0,"[""Komedi"", ""Aile""]",2008-07-14,2011-09-29,"[""Kanal D""]",174.0,5.0,Ended,58.449
Süper Babaanne,false,60.0,"[""Komedi"", ""Aile"", ""Bilim Kurgu & Fantazi""]",2008-07-10,2008-10-30,"[""TRT 1""]",17.0,1.0,Ended,3.734
Derman,false,90.0,"[""Komedi""]",2008-07-05,2008-08-09,"[""Kanal D""]",6.0,1.0,Ended,1.729
Gece Gündüz,false,80.0,"[""Aksiyon & Macera"", ""Suç"", ""Dram""]",2008-07-04,2009-01-16,"[""Kanal D""]",29.0,1.0,Ended,18.234
Prenses Perfinya,false,90.0,"[""Çocuklar"", ""Bilim Kurgu & Fantazi""]",2008-07-03,2009-01-08,"[""FOX""]",28.0,1.0,Ended,4.701
Pulsar,false,90.0,"[""Aile"", ""Çocuklar""]",2008-06-10,2008-09-30,"[""Star TV""]",17.0,1.0,Ended,3.941
Küçük Kadınlar,false,90.0,"[""Dram"", ""Aile""]",2008-06-10,2011-03-05,"[""Kanal D"", ""Star TV""]",120.0,3.0,Ended,9.399
Pepee,false,20.0,"[""Animasyon"", ""Çocuklar"", ""Aile""]",2008-06-06,2015-01-21,"[""Show TV"", ""TRT Çocuk"", ""Planet Çocuk""]",8.0,8.0,Ended,1.891
Yol Arkadaşım,false,90.0,"[""Aile"", ""Dram""]",2008-05-12,2009-04-27,"[""Kanal D"", ""Star TV""]",41.0,2.0,Ended,12.871
Her Halimle Sev Beni,false,60.0,"[""Komedi""]",2008-05-10,2008-05-24,"[""TRT 1""]",3.0,1.0,Ended,1.502
Dur Yolcu,false,0.0,"[""Dram"", ""Savaş & Politik""]",2008-05-01,2008-07-24,"[""TRT 1""]",13.0,1.0,Ended,5.096
Benim Annem Bir Melek,false,90.0,"[""Komedi"", ""Aile""]",2008-03-30,2010-04-12,"[""atv"", ""Star TV""]",64.0,3.0,Ended,22.432
Kollama,false,90.0,"[""Suç"", ""Aksiyon & Macera"", ""Dram""]",2008-02-10,2010-10-01,"[""Samanyolu TV""]",4.0,4.0,Ended,4.522
Çemberin Dışında,false,0.0,String[],2008-01-26,2008-02-02,"[""Star TV""]",2.0,1.0,Ended,3.578
Pars: Narkoterör,false,0.0,"[""Aksiyon & Macera"", ""Gizem"", ""Savaş & Politik"", ""Dram"", ""Suç""]",2008-01-21,2008-06-23,"[""Show TV""]",23.0,1.0,Ended,10.468
Görgüsüzler,false,80.0,"[""Komedi"", ""Aile""]",2008-01-13,2008-02-17,"[""atv""]",6.0,1.0,Ended,1.534
Yaban Gülü,false,90.0,"[""Aile"", ""Dram""]",2008-01-01,2008-04-08,"[""atv""]",15.0,1.0,Ended,13.104
Sinekli Bakkal,false,90.0,"[""Aile"", ""Dram""]",2007-12-27,2008-01-24,"[""atv""]",5.0,1.0,Ended,2.782
Havalimanı,false,90.0,"[""Komedi""]",2007-12-26,2008-01-23,"[""FOX""]",5.0,1.0,Ended,2.562
OKS Anneleri,false,90.0,"[""Aile"", ""Dram""]",2007-12-23,2008-01-27,"[""FOX""]",6.0,1.0,Ended,2.015
Parmaklıklar Ardında,false,90.0,"[""Dram"", ""Suç""]",2007-12-13,2010-06-24,"[""atv""]",106.0,3.0,Ended,24.609
Karayılan,false,90.0,"[""Dram""]",2007-11-19,2008-03-17,"[""atv""]",18.0,1.0,Ended,15.629
Fedai,false,80.0,"[""Dram""]",2007-11-16,2008-01-12,"[""Star TV""]",8.0,1.0,Ended,2.146
Dağlar Delisi,false,0.0,String[],2007-11-10,2007-11-10,String[],1.0,1.0,Ended,0.6
Gönül Salıncağı,false,60.0,"[""Dram""]",2007-11-03,2008-02-09,"[""TRT 1""]",15.0,1.0,Ended,4.791
Asi,false,90.0,"[""Aile"", ""Dram""]",2007-10-26,2009-06-19,"[""Kanal D""]",71.0,2.0,Ended,16.601
Sevgili Dünürüm,false,80.0,"[""Aile"", ""Komedi""]",2007-10-19,2008-03-07,"[""Star TV""]",21.0,1.0,Ended,23.78
Tek Türkiye,false,90.0,"[""Dram""]",2007-10-18,2010-10-07,"[""Samanyolu TV""]",4.0,4.0,Ended,7.634
Eşref Saati,false,80.0,"[""Komedi"", ""Aile""]",2007-10-16,2008-11-24,"[""Show TV""]",39.0,2.0,Ended,6.201
Tatlı Bela Fadime,false,0.0,"[""Aile"", ""Komedi""]",2007-10-11,2007-10-11,"[""Star TV""]",1.0,1.0,Ended,1.725
Arka Sıradakiler,false,110.0,"[""Suç"", ""Dram""]",2007-09-30,2012-06-17,"[""FOX""]",193.0,6.0,Ended,21.112
Oyun Bitti,false,60.0,"[""Aile"", ""Komedi""]",2007-09-21,2007-11-02,"[""Kanal D""]",7.0,1.0,Ended,4.486
Bez Bebek,false,0.0,"[""Çocuklar"", ""Aile"", ""Bilim Kurgu & Fantazi"", ""Komedi""]",2007-09-20,2010-04-02,"[""FOX""]",101.0,3.0,Ended,36.948
Elveda Rumeli,false,90.0,"[""Savaş & Politik"", ""Aile"", ""Dram"", ""Komedi""]",2007-09-20,2009-10-12,"[""atv""]",83.0,3.0,Ended,26.014
Evimin Erkeği,false,0.0,String[],2007-09-15,2007-09-15,"[""TRT 1""]",1.0,1.0,Ended,1.96
Pusat,false,90.0,"[""Dram"", ""Aksiyon & Macera""]",2007-09-14,2007-12-07,"[""Show TV""]",13.0,1.0,Ended,5.472
Fesupanallah,false,80.0,"[""Komedi""]",2007-09-10,2007-10-29,"[""atv""]",8.0,1.0,Ended,4.379
Bıçak Sırtı,false,60.0,"[""Aile"", ""Dram""]",2007-09-10,2008-04-28,"[""Kanal D""]",30.0,1.0,Ended,15.164
Vazgeç Gönlüm,false,90.0,"[""Dram""]",2007-09-07,2008-10-18,"[""Star TV""]",41.0,2.0,Ended,10.145
Menekşe ile Halil,false,100.0,"[""Dram""]",2007-09-07,2008-05-24,"[""Kanal D""]",36.0,1.0,Ended,14.061
Annem,false,90.0,"[""Dram"", ""Aile""]",2007-09-06,2010-03-19,"[""Kanal D""]",64.0,2.0,Ended,5.987
Oğlum İçin,false,90.0,"[""Aile"", ""Dram""]",2007-09-04,2007-11-06,"[""Show TV""]",10.0,1.0,Ended,6.478
Dudaktan Kalbe,false,90.0,"[""Dram""]",2007-09-03,2009-05-26,"[""Show TV""]",75.0,2.0,Ended,11.31
Zeliha'nın Gözleri,false,90.0,"[""Dram"", ""Suç"", ""Bilim Kurgu & Fantazi""]",2007-07-30,2007-09-24,"[""Star TV""]",9.0,1.0,Ended,7.989
Senden Başka,false,90.0,"[""Komedi"", ""Dram""]",2007-07-18,2007-11-21,"[""atv""]",19.0,1.0,Ended,4.607
Hayal ve Gerçek,false,0.0,String[],2007-07-07,2007-09-01,"[""atv""]",9.0,1.0,Ended,2.122
Zoraki Koca,false,90.0,"[""Komedi""]",2007-07-02,2007-12-24,"[""Kanal D""]",26.0,1.0,Ended,4.587
Hayat Apartmanı,false,60.0,"[""Komedi""]",2007-06-02,2007-06-30,"[""Show TV""]",5.0,1.0,Ended,2.46
Kavak Yelleri,false,100.0,"[""Komedi"", ""Dram"", ""Aile""]",2007-05-31,2011-08-30,"[""Kanal D""]",170.0,5.0,Ended,34.931
Hepsi 1,false,86.0,"[""Komedi"", ""Dram""]",2007-05-13,2008-05-25,"[""atv"", ""Show TV""]",51.0,2.0,Ended,20.98
Kurtlar Vadisi: Pusu,false,120.0,"[""Dram"", ""Savaş & Politik"", ""Aksiyon & Macera""]",2007-04-19,2016-06-16,"[""Kanal D"", ""atv"", ""Show TV"", ""Star TV""]",300.0,10.0,Ended,121.283
Baba Oluyorum,false,0.0,"[""Aile"", ""Komedi""]",2007-04-08,2007-05-13,"[""TRT 1""]",6.0,1.0,Ended,1.786
İki Yabancı,false,90.0,"[""Dram""]",2007-04-04,2007-07-03,"[""atv""]",13.0,1.0,Ended,9.19
Yersiz Yurtsuz,false,90.0,"[""Aile"", ""Dram""]",2007-03-29,2007-06-28,String[],18.0,1.0,Ended,6.202
Elveda Derken,false,95.0,"[""Dram"", ""Aile"", ""Belgesel""]",2007-03-21,2008-06-17,"[""Kanal D""]",51.0,2.0,Ended,15.069
Hayat Kavgam,false,0.0,"[""Komedi"", ""Aile""]",2007-03-19,2007-03-19,"[""Show TV""]",1.0,1.0,Ended,1.651
Kader,false,0.0,"[""Aile"", ""Dram""]",2007-03-15,2007-06-07,"[""Star TV""]",13.0,1.0,Ended,7.44
Ayrılık,false,0.0,"[""Aile"", ""Dram"", ""Savaş & Politik""]",2007-03-15,2007-04-19,"[""Show TV""]",6.0,1.0,Ended,5.229
Kara Duvak,false,0.0,String[],2007-03-14,2007-06-06,String[],13.0,1.0,Ended,6.728
Affedilmeyen,false,0.0,String[],2007-03-08,2007-03-22,"[""atv""]",3.0,1.0,Ended,6.195
Dicle,false,90.0,"[""Aile"", ""Dram""]",2007-03-08,2007-04-05,"[""atv""]",5.0,1.0,Ended,3.983
Yaralı Yürek,false,90.0,"[""Dram""]",2007-02-10,2007-05-26,"[""Show TV""]",16.0,1.0,Ended,14.575
Kurtlar Vadisi: Terör,false,0.0,"[""Savaş & Politik"", ""Suç"", ""Gerçeklik"", ""Dram""]",2007-02-08,2007-10-18,"[""Show TV""]",2.0,1.0,Ended,4.257
Şöhret Okulu,false,90.0,"[""Dram"", ""Komedi""]",2007-01-25,2007-02-15,"[""atv""]",4.0,1.0,Ended,2.311
Geniş Zamanlar,false,80.0,"[""Aile"", ""Dram""]",2007-01-09,2007-06-05,"[""Star TV""]",22.0,1.0,Ended,11.373
Yeni Evli,false,35.0,"[""Aile"", ""Komedi""]",2007-01-01,2007-01-01,"[""TRT 1""]",1.0,1.0,Ended,1.217
Nazlı Yarim,false,80.0,"[""Aile"", ""Komedi""]",2007-01-01,2007-01-01,"[""Show TV""]",6.0,1.0,Ended,3.673
Dede Korkut,false,0.0,String[],2007-01-01,2007-02-05,String[],6.0,1.0,Ended,7.473
Başımın Belası,false,0.0,String[],2007-01-01,2007-01-01,String[],1.0,1.0,Ended,0.679
Doktorlar,false,70.0,"[""Dram""]",2006-12-28,2011-02-04,"[""Show TV""]",97.0,4.0,Ended,24.803
Yeşeren Düşler,false,0.0,"[""Dram""]",2006-12-10,2007-10-16,"[""Samanyolu TV""]",2.0,2.0,Ended,1.805
Rüya Gibi,false,0.0,"[""Dram"", ""Aile""]",2006-12-07,2006-12-28,"[""Show TV""]",4.0,1.0,Ended,10.333
Kınalı Kuzular,false,0.0,String[],2006-11-28,2006-11-28,"[""TRT 1""]",1.0,1.0,Ended,0.6
Binbir Gece,false,90.0,"[""Dram""]",2006-11-07,2009-05-12,"[""Kanal D""]",90.0,3.0,Ended,38.403
Karınca Yuvası,false,90.0,"[""Aile"", ""Çocuklar"", ""Komedi"", ""Dram""]",2006-11-06,2007-01-08,"[""Kanal D""]",10.0,1.0,Ended,8.62
Hatırla Sevgili,false,90.0,"[""Dram"", ""Savaş & Politik"", ""Aile""]",2006-10-27,2008-05-23,"[""atv""]",68.0,2.0,Ended,38.476
Tarık ve Diğerleri,false,0.0,"[""Komedi"", ""Aile"", ""Aksiyon & Macera""]",2006-10-08,2007-04-29,"[""Samanyolu TV""]",30.0,1.0,Ended,4.319
Aynı Çatı Altında,false,60.0,"[""Komedi""]",2006-09-27,2006-11-15,"[""TGRT""]",8.0,1.0,Ended,2.378
Deli Dolu,false,60.0,"[""Komedi"", ""Aile""]",2006-09-26,2006-11-28,"[""TGRT""]",10.0,1.0,Ended,9.292
Yağmurdan Sonra,false,90.0,"[""Aile"", ""Dram"", ""Gizem""]",2006-09-21,2007-06-14,"[""Samanyolu TV""]",39.0,1.0,Ended,3.537
Ahh İstanbul,false,90.0,"[""Aile"", ""Dram""]",2006-09-21,2006-11-30,"[""atv""]",11.0,1.0,Ended,16.446
Sağır Oda,false,60.0,"[""Savaş & Politik"", ""Aksiyon & Macera""]",2006-09-18,2007-05-07,"[""Kanal D""]",34.0,1.0,Ended,14.424
Sıla,false,90.0,"[""Aile"", ""Dram""]",2006-09-15,2008-09-19,"[""atv""]",79.0,3.0,Ended,27.191
Gülpare,false,90.0,"[""Dram""]",2006-09-13,2006-11-22,"[""Show TV""]",11.0,1.0,Ended,7.468
Yaprak Dökümü,false,85.0,"[""Dram""]",2006-09-13,2010-12-29,"[""Kanal D""]",174.0,5.0,Ended,59.129
Selena,false,96.0,"[""Çocuklar"", ""Aile"", ""Komedi"", ""Bilim Kurgu & Fantazi""]",2006-09-10,2010-02-07,"[""atv""]",105.0,3.0,Ended,18.671
Candan Öte,false,80.0,"[""Dram"", ""Aile""]",2006-09-05,2007-02-13,"[""Star TV""]",24.0,1.0,Ended,7.869
Kod Adı,false,0.0,"[""Suç"", ""Dram"", ""Savaş & Politik""]",2006-09-04,2006-11-06,"[""Kanal D""]",10.0,1.0,Ended,4.278
Ah Polis Olsam,false,75.0,"[""Komedi"", ""Suç"", ""Aksiyon & Macera""]",2006-08-10,2006-10-05,"[""Kanal D""]",9.0,1.0,Ended,4.995
Fırtına,false,80.0,"[""Komedi"", ""Aile""]",2006-07-22,2006-07-22,"[""Kanal D""]",48.0,1.0,Ended,18.894
Yalancı Yarim,false,80.0,"[""Komedi""]",2006-07-21,2006-07-21,"[""Star TV""]",49.0,1.0,Ended,5.033
Tutkunum Sana,false,0.0,String[],2006-07-13,2006-08-03,"[""Show TV""]",4.0,1.0,Ended,6.639
Acemi Cadı,false,60.0,"[""Aile"", ""Komedi"", ""Bilim Kurgu & Fantazi""]",2006-07-07,2008-01-18,"[""Kanal D"", ""Star TV""]",58.0,2.0,Ended,8.583
Sahte Prenses,false,90.0,"[""Komedi""]",2006-06-28,2006-10-25,"[""Show TV""]",18.0,1.0,Ended,8.646
İki Aile,false,90.0,"[""Aile"", ""Komedi""]",2006-06-19,2008-06-09,"[""Star TV""]",93.0,2.0,Ended,10.533
29-30,false,0.0,"[""Komedi"", ""Dram""]",2006-04-23,2006-06-11,"[""Show TV""]",8.0,1.0,Ended,4.777
Kaybolan Yıllar,false,75.0,"[""Dram"", ""Aksiyon & Macera"", ""Suç""]",2006-04-15,2007-06-21,"[""Star TV""]",49.0,2.0,Ended,13.96
Azap Yolu,false,0.0,"[""Aile"", ""Dram""]",2006-03-30,2006-07-06,"[""atv""]",15.0,1.0,Ended,1.4
Cemile,false,90.0,String[],2006-03-29,2006-04-19,"[""Show TV""]",4.0,1.0,Ended,5.4
Hacı,false,80.0,"[""Savaş & Politik"", ""Dram"", ""Suç""]",2006-03-23,2006-06-29,"[""Show TV""]",15.0,1.0,Ended,4.516
Kuş Dili,false,80.0,"[""Dram"", ""Aile""]",2006-03-11,2006-05-27,"[""atv""]",12.0,1.0,Ended,9.329
Anadolu Kaplanı,false,90.0,"[""Komedi"", ""Aile""]",2006-03-02,2006-04-20,"[""Kanal D""]",8.0,1.0,Ended,6.023
Kızlar Yurdu,false,60.0,"[""Komedi"", ""Dram""]",2006-02-19,2006-08-27,"[""Show TV""]",22.0,1.0,Ended,10.669
Hisarbuselik,false,60.0,"[""Dram""]",2006-02-15,2006-05-10,"[""TRT 1""]",13.0,1.0,Ended,3.2
Gönül,false,60.0,"[""Komedi"", ""Dram"", ""Aile""]",2006-02-13,2006-03-27,"[""Kanal D""]",7.0,1.0,Ended,3.265
Hayat Türküsü,false,71.0,"[""Dram""]",2006-01-21,2007-06-16,"[""TRT 1""]",60.0,2.0,Ended,10.538
Kırık Kanatlar,false,80.0,"[""Dram"", ""Savaş & Politik""]",2006-01-19,2006-12-27,"[""Kanal D""]",36.0,2.0,Ended,24.256
Daha Neler,false,0.0,"[""Komedi""]",2006-01-01,2006-01-01,"[""Show TV""]",1.0,1.0,Ended,1.541
AB'nin Yolları Taştan,false,0.0,"[""Komedi""]",2006-01-01,2006-01-01,"[""Star TV""]",1.0,1.0,Ended,0.979
Ezo Gelin,false,90.0,"[""Dram""]",2006-01-01,2006-07-23,"[""Show TV""]",59.0,2.0,Ended,11.241
Pertev Bey'in Üç Kızı,false,60.0,"[""Dram"", ""Aile""]",2006-01-01,2006-02-05,"[""TRT 1""]",6.0,1.0,Ended,1.4
İyi ki Varsın,false,0.0,String[],2006-01-01,2006-01-01,String[],1.0,1.0,Ended,2.464
Acı Hayat,false,90.0,"[""Aksiyon & Macera"", ""Dram""]",2005-12-14,2007-06-25,"[""Show TV""]",59.0,2.0,Ended,19.66
Ödünç Hayat,false,60.0,"[""Dram"", ""Aile""]",2005-12-06,2005-12-27,"[""Kanal D""]",4.0,1.0,Ended,7.66
Zeynep,false,60.0,"[""Dram"", ""Aile""]",2005-11-18,2006-06-02,"[""Kanal 7""]",29.0,1.0,Ended,3.959
Yine de Aşığım,false,50.0,"[""Komedi""]",2005-10-28,2006-01-13,"[""atv"", ""Kanal D""]",12.0,1.0,Ended,8.444
Hırsız-Polis,false,90.0,"[""Suç"", ""Dram""]",2005-10-26,2007-03-15,"[""Kanal D""]",50.0,2.0,Ended,14.653
Nefes Nefese,false,80.0,"[""Dram""]",2005-10-16,2005-12-11,"[""atv""]",9.0,1.0,Ended,1.4
Alanya-Almanya,false,60.0,"[""Aile"", ""Komedi""]",2005-10-13,2005-10-13,"[""Star TV""]",1.0,1.0,Ended,1.879
Ters Köşe,false,45.0,"[""Komedi""]",2005-09-28,2005-09-28,"[""TRT 1""]",1.0,1.0,Ended,0.899
Ihlamurlar Altında,false,100.0,"[""Dram""]",2005-09-23,2008-02-08,"[""Kanal D""]",150.0,2.0,Ended,32.87
Beyaz Gelincik,false,90.0,"[""Aile"", ""Dram""]",2005-09-19,2007-06-11,"[""atv""]",74.0,2.0,Ended,13.851
Maki,false,0.0,"[""Dram"", ""Aile""]",2005-09-15,2005-09-22,"[""Show TV""]",2.0,1.0,Ended,0.928
Düşler ve Gerçekler,false,60.0,"[""Dram"", ""Aile""]",2005-09-13,2005-10-11,"[""Kanal D""]",5.0,1.0,Ended,3.646
Beşinci Boyut,false,80.0,"[""Dram"", ""Bilim Kurgu & Fantazi""]",2005-09-12,2009-10-19,"[""Samanyolu TV""]",140.0,5.0,Ended,3.401
Belalı Baldız,false,60.0,"[""Aile"", ""Komedi""]",2005-09-11,2006-04-30,"[""atv""]",34.0,1.0,Ended,13.018
Kapıları Açmak,false,0.0,String[],2005-08-22,2005-08-22,"[""Kanal D""]",1.0,1.0,Ended,2.06
Sessiz Gece,false,0.0,"[""Dram""]",2005-08-03,2005-08-24,"[""Show TV""]",4.0,1.0,Ended,3.639
Tadımız Kaçmasın,false,60.0,"[""Komedi"", ""Aile""]",2005-07-08,2005-09-30,"[""Kanal D""]",13.0,1.0,Ended,3.263
Aşk Oyunu,false,60.0,"[""Dram""]",2005-06-28,2006-05-16,"[""atv"", ""Kanal D""]",47.0,1.0,Ended,12.193
Aşk Her Yaşta,false,80.0,"[""Aile"", ""Komedi"", ""Dram""]",2005-06-27,2005-09-12,"[""Kanal D""]",12.0,1.0,Ended,5.046
Emret Komutanım,false,90.0,"[""Dram"", ""Komedi""]",2005-06-23,2005-06-23,"[""Show TV""]",69.0,4.0,Ended,14.255
Kanlı Düğün,false,80.0,"[""Aile"", ""Dram""]",2005-05-15,2005-06-19,"[""Show TV""]",6.0,1.0,Ended,2.072
Seni Çok Özledim,false,60.0,"[""Dram""]",2005-04-07,2005-05-19,"[""Kanal D""]",7.0,1.0,Ended,9.108
Yanık Koza,false,45.0,"[""Dram"", ""Aile""]",2005-04-06,2007-02-21,"[""Show TV""]",18.0,3.0,Ended,13.354
Kezban Yenge,false,60.0,"[""Komedi"", ""Aile""]",2005-03-28,2006-06-28,"[""Kanal 7""]",46.0,2.0,Ended,6.832
Aşka Sürgün,false,90.0,"[""Aile"", ""Dram""]",2005-03-07,2006-06-05,"[""atv""]",53.0,2.0,Ended,11.801
Eylül,false,0.0,"[""Dram""]",2005-02-14,2005-03-14,"[""atv""]",5.0,1.0,Ended,4.765
Kaynana Semira,false,0.0,"[""Aile"", ""Komedi""]",2005-02-07,2005-03-14,"[""TGRT""]",6.0,1.0,Ended,0.633
Dikkat Şahan Çıkabilir,false,0.0,String[],2005-02-05,2005-09-17,"[""atv"", ""TV8""]",2.0,2.0,Ended,0.868
Pembe ve Mavi,false,25.0,"[""Animasyon"", ""Komedi""]",2005-02-05,2005-04-02,String[],9.0,1.0,Ended,1.741
Seher Vakti,false,80.0,"[""Aile"", ""Dram""]",2005-01-31,2005-03-21,"[""Kanal D""]",8.0,1.0,Ended,10.31
Sensiz Olmuyor,false,60.0,"[""Komedi""]",2005-01-26,2005-07-20,"[""Kanal D"", ""Show TV""]",26.0,1.0,Ended,6.278
Gümüş,false,45.0,"[""Dram"", ""Aile""]",2005-01-20,2007-05-26,"[""Kanal D""]",100.0,3.0,Ended,13.62
Zeytin Dalı,false,72.0,"[""Dram""]",2005-01-11,2005-07-12,"[""TRT 1""]",27.0,1.0,Ended,3.805
Savcının Karısı,false,60.0,"[""Suç"", ""Dram""]",2005-01-07,2005-07-01,"[""atv""]",26.0,1.0,Ended,7.108
Kadın Her Zaman Haklıdır,false,30.0,"[""Komedi""]",2005-01-01,2005-04-30,"[""TV8""]",18.0,1.0,Ended,2.06
Çapkın,false,75.0,"[""Komedi""]",2005-01-01,2005-04-23,"[""Show TV""]",17.0,1.0,Ended,13.334
Yağmur Zamanı,false,90.0,"[""Dram""]",2004-12-15,2005-06-22,"[""Show TV""]",57.0,2.0,Ended,7.013
Kadın İsterse,false,90.0,"[""Komedi"", ""Aile""]",2004-12-14,2006-06-13,"[""Star TV"", ""Show TV""]",52.0,2.0,Ended,14.43
Çınaraltı,false,0.0,"[""Dram"", ""Komedi""]",2004-11-21,2005-02-13,"[""TRT 1""]",13.0,1.0,Ended,4.444
Mavi Rüya,false,60.0,"[""Aile"", ""Dram"", ""Suç""]",2004-11-17,2006-06-21,"[""Samanyolu TV""]",71.0,2.0,Ended,1.516
Yabancı Damat,false,80.0,"[""Aile"", ""Komedi"", ""Dram""]",2004-11-12,2007-06-15,"[""Kanal D""]",106.0,3.0,Ended,28.13
Ağa Kızı,false,60.0,"[""Aile"", ""Komedi""]",2004-10-26,2005-02-08,"[""Kanal D""]",16.0,1.0,Ended,3.725
Sahra,false,70.0,"[""Aile"", ""Dram""]",2004-10-06,2004-10-06,String[],1.0,1.0,Ended,1.842
Sular Durulmuyor,false,0.0,String[],2004-10-05,2004-10-05,"[""TRT 1""]",1.0,1.0,Ended,1.71
Büyük Buluşma,false,90.0,"[""Dram"", ""Bilim Kurgu & Fantazi""]",2004-10-04,2007-09-19,"[""Samanyolu TV""]",4.0,4.0,Ended,1.877
Sayın Bakanım,false,60.0,"[""Komedi"", ""Savaş & Politik""]",2004-10-01,2004-12-22,"[""atv""]",14.0,1.0,Ended,12.703
Şubat Soğuğu,false,90.0,"[""Dram"", ""Suç""]",2004-09-21,2006-06-30,"[""Samanyolu TV""]",78.0,2.0,Ended,3.516
Aliye,false,60.0,"[""Aile"", ""Dram""]",2004-09-14,2006-10-17,"[""atv""]",76.0,3.0,Ended,14.906
Haziran Gecesi,false,90.0,"[""Aile"", ""Dram""]",2004-09-13,2006-02-13,"[""Kanal D""]",62.0,2.0,Ended,38.844
İstanbul Şahidimdir,false,0.0,"[""Dram""]",2004-09-10,2004-09-10,"[""atv""]",1.0,1.0,Ended,1.377
Dayı,false,0.0,String[],2004-09-07,2004-11-02,"[""Kanal D""]",9.0,1.0,Ended,8.849
Çemberimde Gül Oya,false,75.0,"[""Dram""]",2004-09-03,2005-07-01,"[""Kanal D""]",40.0,1.0,Ended,17.017
Bir Dilim Aşk,false,60.0,"[""Komedi""]",2004-08-27,2004-12-24,"[""Kanal D""]",18.0,1.0,Ended,6.095
Uy Başuma Gelenler,false,0.0,String[],2004-07-05,2004-07-05,String[],1.0,1.0,Ended,1.687
Adı Aşk Olsun,false,0.0,String[],2004-07-05,2004-07-26,String[],4.0,1.0,Ended,1.4
Müjgan Bey,false,0.0,"[""Komedi""]",2004-06-25,2004-09-17,"[""Show TV""]",13.0,1.0,Ended,7.077
Gece Yürüyüşü,false,0.0,String[],2004-06-19,2004-06-19,String[],1.0,1.0,Ended,0.841
Cennet Mahallesi,false,80.0,"[""Komedi"", ""Aile""]",2004-05-30,2007-06-09,"[""Show TV""]",119.0,3.0,Ended,29.44
Zümrüt,false,0.0,String[],2004-05-07,2004-06-11,"[""Kanal D""]",6.0,1.0,Ended,5.207
Bütün çocuklarim,false,80.0,"[""Aile"", ""Dram""]",2004-04-22,2005-02-24,"[""Kanal D""]",45.0,1.0,Ended,11.496
Sırlar Dünyası,false,0.0,String[],2004-04-13,2010-08-10,"[""Samanyolu TV""]",5.0,5.0,Ended,1.013
Dişi Kuş,false,60.0,"[""Aile"", ""Komedi""]",2004-03-23,2004-03-23,"[""atv""]",1.0,1.0,Ended,3.028
Melekler Adası,false,60.0,"[""Dram""]",2004-02-17,2005-11-17,String[],76.0,3.0,Ended,15.42
Avrupa Yakası,false,90.0,"[""Aile"", ""Komedi""]",2004-02-11,2009-06-24,"[""atv""]",192.0,6.0,Ended,67.723
Size Baba Diyebilir miyim?,false,75.0,"[""Komedi"", ""Aile""]",2004-01-14,2004-04-07,"[""Kanal D""]",13.0,1.0,Ended,6.909
Şeytan Ayrıntıda Gizlidir,false,60.0,"[""Suç"", ""Gizem""]",2004-01-13,2004-04-06,"[""TRT 1""]",13.0,1.0,Ended,10.003
Kasabanın İncisi,false,75.0,"[""Dram""]",2004-01-06,2004-02-24,"[""TRT 1""]",8.0,1.0,Ended,4.458
Yusuf Yüzlü,false,60.0,"[""Dram"", ""Aile""]",2004-01-01,2004-09-23,"[""Samanyolu TV""]",39.0,1.0,Ended,5.503
Tatil Aşkları,false,60.0,"[""Komedi""]",2004-01-01,2004-03-25,"[""Star TV""]",13.0,1.0,Ended,8.151
Aşkımızda Ölüm Var,false,0.0,String[],2004-01-01,2004-01-01,"[""Show TV""]",1.0,1.0,Ended,3.149
Ah be İstanbul,false,0.0,String[],2004-01-01,2004-01-01,String[],1.0,1.0,Ended,1.186
En İyi Arkadaşım,false,60.0,"[""Çocuklar"", ""Bilim Kurgu & Fantazi"", ""Komedi""]",2003-11-18,2006-08-27,"[""Show TV""]",57.0,2.0,Ended,13.406
Alacakaranlık,false,60.0,String[],2003-10-22,2005-03-28,String[],37.0,2.0,Ended,24.009
Kampüsistan,false,60.0,"[""Komedi"", ""Dram""]",2003-10-06,2004-08-02,"[""Kanal D""]",44.0,1.0,Ended,31.857
Gurbet Kadını,false,60.0,"[""Dram"", ""Aile""]",2003-10-01,2004-09-01,"[""Show TV""]",2.0,2.0,Ended,1.891
Ölümsüz Aşk,false,60.0,"[""Aile"", ""Dram"", ""Komedi""]",2003-09-23,2003-12-09,"[""atv""]",12.0,1.0,Ended,10.917
Bir İstanbul Masalı,false,75.0,"[""Dram""]",2003-09-18,2005-06-14,"[""atv""]",71.0,2.0,Ended,30.015
Kurşun Yarası,false,60.0,"[""Dram""]",2003-09-15,2005-01-31,"[""atv""]",60.0,2.0,Ended,18.507
Sultan Makamı,false,70.0,"[""Dram""]",2003-09-04,2004-02-26,"[""Kanal D""]",26.0,1.0,Ended,16.567
Şarkılar Seni Söyler,false,0.0,"[""Dram""]",2003-09-02,2003-09-16,"[""Show TV""]",3.0,1.0,Ended,6.32
Hürrem Sultan,false,60.0,"[""Dram""]",2003-09-01,2003-10-27,"[""Star TV""]",8.0,1.0,Ended,13.719
Büyümüş de Küçülmüş,false,0.0,"[""Komedi""]",2003-08-11,2003-10-06,"[""Kanal D""]",9.0,1.0,Ended,5.551
Serseri,false,80.0,"[""Aile"", ""Dram""]",2003-07-14,2003-07-14,"[""Kanal D""]",2.0,2.0,Ended,1.774
Pilli Bebek,false,0.0,String[],2003-05-02,2003-05-16,String[],3.0,1.0,Ended,0.655
Estağfurullah Yokuşu,false,50.0,"[""Aile"", ""Dram""]",2003-05-01,2003-07-10,"[""Kanal D""]",11.0,1.0,Ended,5.261
Sihirli Annem,false,60.0,"[""Çocuklar"", ""Bilim Kurgu & Fantazi"", ""Aile"", ""Komedi""]",2003-02-27,2005-09-24,"[""Star TV"", ""Kanal D""]",119.0,7.0,Ended,15.289
Havada Bulut,false,70.0,"[""Dram""]",2003-02-19,2003-03-12,"[""TRT 1""]",4.0,1.0,Ended,5.908
Kurtlar Vadisi,false,90.0,"[""Aksiyon & Macera"", ""Dram"", ""Savaş & Politik"", ""Gerçeklik""]",2003-01-15,2005-12-29,"[""Show TV""]",97.0,4.0,Ended,88.706
Mühürlü Güller,false,60.0,"[""Dram""]",2003-01-09,2003-01-09,"[""TRT 1""]",41.0,1.0,Ended,10.969
Hayat Bilgisi,false,60.0,"[""Komedi"", ""Dram""]",2003-01-02,2006-06-01,"[""Kanal D"", ""Show TV""]",137.0,4.0,Ended,29.101
Ablam Böyle İstedi,false,0.0,"[""Aile"", ""Komedi""]",2003-01-01,2003-01-29,"[""TRT 1""]",5.0,1.0,Ended,1.248
Patron Kim,false,60.0,"[""Komedi"", ""Aile""]",2003-01-01,2003-07-09,"[""atv""]",28.0,1.0,Ended,3.217
Aşk Olsun,false,60.0,"[""Aile"", ""Komedi""]",2003-01-01,2003-01-01,"[""atv"", ""Kanal D""]",1.0,1.0,Ended,1.42
Gelin,false,60.0,"[""Aile"", ""Dram""]",2003-01-01,2003-01-01,"[""Kanal D""]",28.0,1.0,Ended,5.753
Çaylak,false,0.0,String[],2003-01-01,2003-01-29,"[""Show TV""]",5.0,1.0,Ended,4.796
Günahım Neydi Allahım,false,0.0,String[],2003-01-01,2003-01-01,"[""TRT 1""]",1.0,1.0,Ended,2.744
Gülbeyaz,false,0.0,"[""Aile"", ""Dram""]",2002-12-13,2003-05-16,"[""Kanal D""]",13.0,1.0,Ended,9.081
Ekmek Teknesi,false,80.0,"[""Aile"", ""Komedi"", ""Dram""]",2002-11-16,2002-11-16,"[""atv"", ""Show TV""]",106.0,3.0,Ended,17.884
İyi Aile Robotu,false,90.0,"[""Komedi"", ""Aile""]",2002-10-09,2003-01-29,"[""Kanal 7""]",17.0,1.0,Ended,6.472
Zeybek Ateşi,false,0.0,"[""Aile"", ""Dram""]",2002-10-01,2002-10-01,"[""Show TV""]",1.0,1.0,Ended,0.956
Zerda,false,0.0,String[],2002-09-26,2002-09-26,"[""atv""]",1.0,2.0,Ended,6.375
Kınalı Kar,false,60.0,"[""Dram"", ""Aile""]",2002-09-21,2004-12-25,"[""Kanal D""]",90.0,3.0,Ended,22.143
Şapkadan Babam Çıktı,false,60.0,"[""Dram""]",2002-09-16,2002-12-09,"[""TRT 1""]",13.0,1.0,Ended,3.436
Kırık Ayna,false,60.0,"[""Aile"", ""Dram""]",2002-09-16,2002-09-16,"[""Kanal D""]",1.0,1.0,Ended,1.704
Vaka-i Zaptiye,false,60.0,"[""Komedi""]",2002-09-01,2002-09-15,"[""Star TV""]",3.0,1.0,Ended,4.568
Mihrali,false,60.0,"[""Aile"", ""Dram""]",2002-08-26,2003-04-14,"[""Kanal 7""]",34.0,1.0,Ended,6.278
Yarım Elma,false,0.0,String[],2002-06-25,2004-01-06,"[""Kanal D"", ""Show TV""]",55.0,2.0,Ended,9.374
Berivan,false,60.0,"[""Aile"", ""Dram""]",2002-05-02,2002-05-16,"[""Kanal D""]",3.0,2.0,Ended,2.633
Bayanlar Baylar,false,0.0,String[],2002-03-28,2002-06-20,"[""Kanal D""]",13.0,1.0,Ended,4.694
Asmalı Konak,false,90.0,"[""Aile"", ""Dram""]",2002-03-11,2002-09-16,"[""atv""]",17.0,2.0,Ended,17.398
Koçum Benim,false,45.0,"[""Komedi"", ""Dram""]",2002-03-07,2003-04-04,"[""TRT 1""]",47.0,2.0,Ended,11.007
Çocuklar Duymasın,false,120.0,"[""Komedi"", ""Aile"", ""Çocuklar"", ""Dram""]",2002-01-16,2019-04-11,"[""Kanal D"", ""atv"", ""FOX"", ""Star TV"", ""TGRT""]",464.0,9.0,Ended,127.415
Yeter Anne,false,40.0,"[""Komedi"", ""Aile""]",2002-01-01,2002-05-21,"[""atv""]",21.0,1.0,Ended,7.081
Anne Babamla Evlensene,false,50.0,"[""Komedi"", ""Aile""]",2002-01-01,2002-05-07,"[""atv""]",19.0,1.0,Ended,5.268
Kuzenlerim,false,94.0,"[""Komedi"", ""Aile""]",2002-01-01,2002-02-19,"[""TRT 1""]",16.0,3.0,Ended,3.906
Çekirdek Aile,false,50.0,"[""Aile"", ""Komedi""]",2002-01-01,2002-04-16,"[""Kanal D""]",16.0,1.0,Ended,2.222
En Son Babalar Duyar,false,75.0,"[""Aile"", ""Komedi""]",2002-01-01,2007-12-17,"[""TRT 1"", ""Star TV""]",158.0,5.0,Ended,42.967
Efsane,false,55.0,String[],2002-01-01,2002-01-01,"[""Star TV""]",1.0,1.0,Ended,1.4
Seni Yaşatacağım,false,60.0,"[""Dram""]",2002-01-01,2002-05-21,"[""atv""]",21.0,1.0,Ended,12.846
Beşik Kertmesi,false,0.0,"[""Komedi"", ""Dram""]",2002-01-01,2002-05-07,String[],19.0,1.0,Ended,13.31
Azad,false,0.0,"[""Aile"", ""Dram""]",2002-01-01,2002-01-01,"[""Kanal D""]",1.0,1.0,Ended,0.6
Biz Size Aşık Olduk,false,45.0,"[""Komedi""]",2002-01-01,2002-01-01,String[],22.0,1.0,Ended,10.225
Canım Kocacım,false,60.0,"[""Aile"", ""Dram""]",2002-01-01,2002-01-01,"[""TRT 1""]",1.0,1.0,Ended,2.639
Tatlı Hayat,false,60.0,"[""Aile"", ""Komedi""]",2001-11-01,2005-04-14,"[""Show TV""]",106.0,3.0,Ended,134.803
Cesur Kuşku,false,60.0,"[""Komedi""]",2001-10-11,2001-11-15,"[""TRT 1""]",6.0,1.0,Ended,16.124
Aşkım Aşkım,false,0.0,"[""Aile"", ""Komedi""]",2001-10-08,2008-06-16,"[""Kanal D"", ""Kanal 1""]",51.0,2.0,Ended,8.157
İki Kere Kiki,false,0.0,String[],2001-09-08,2002-07-13,"[""Kanal D""]",45.0,1.0,Ended,10.05
Karanlıkta Koşanlar,false,45.0,"[""Suç"", ""Dram"", ""Gizem""]",2001-09-08,2001-11-10,"[""TRT 1""]",10.0,1.0,Ended,12.44
Yeditepe İstanbul,false,45.0,"[""Aile"", ""Dram""]",2001-05-18,2002-06-24,"[""TRT 1""]",47.0,2.0,Ended,16.197
Vay Anam Vay,false,0.0,"[""Komedi"", ""Aile""]",2001-02-27,2001-02-27,"[""Kanal D""]",1.0,2.0,Ended,1.774
Koltuk Sevdası,false,50.0,"[""Komedi"", ""Savaş & Politik""]",2001-02-01,2001-05-17,"[""TRT 1""]",16.0,1.0,Ended,3.172
Cinlerle Periler,false,80.0,"[""Bilim Kurgu & Fantazi"", ""Aksiyon & Macera""]",2001-01-13,2001-04-14,"[""atv""]",14.0,1.0,Ended,5.883
Dadı,false,45.0,"[""Komedi"", ""Aile""]",2001-01-05,2002-10-28,"[""Show TV"", ""Star TV""]",61.0,3.0,Ended,11.426
Aşkına Eşkıya,false,50.0,"[""Aile"", ""Dram""]",2001-01-01,2001-10-22,"[""Show TV"", ""TGRT""]",62.0,2.0,Ended,4.883
Kör Talih,false,0.0,"[""Komedi""]",2001-01-01,2001-01-01,"[""Star TV""]",1.0,1.0,Ended,1.237
Yeni Hayat,false,60.0,"[""Dram""]",2001-01-01,2001-05-07,"[""atv""]",19.0,1.0,Ended,12.936
Tutku Çemberi,false,0.0,String[],2001-01-01,2001-01-01,"[""TRT 1""]",1.0,1.0,Ended,0.676
Nasıl Evde Kaldım,false,45.0,"[""Komedi""]",2001-01-01,2001-01-01,"[""TRT 1""]",1.0,1.0,Ended,1.828
Çifte Bela,false,0.0,String[],2001-01-01,2001-01-01,"[""Kanal D""]",1.0,1.0,Ended,0.677
Hırsız,false,0.0,String[],2001-01-01,2001-01-01,String[],1.0,1.0,Ended,1.373
Üzgünüm Leyla,false,0.0,String[],2000-10-09,2000-10-09,String[],2.0,2.0,Ended,0.6
Derman Bey,false,60.0,"[""Dram""]",2000-10-04,2000-11-08,"[""TGRT""]",6.0,1.0,Ended,8.397
Evdeki Yabancı,false,0.0,"[""Komedi""]",2000-09-01,2000-09-01,"[""Kanal D""]",40.0,1.0,Ended,9.545
Yedi Numara,false,40.0,"[""Komedi"", ""Dram""]",2000-08-12,2003-02-19,"[""TRT 1""]",92.0,3.0,Ended,20.934
Üzgünüm Leyla,false,0.0,"[""Aile"", ""Dram"", ""Komedi""]",2000-05-17,2001-09-26,"[""TRT 1""]",72.0,1.0,Ended,10.833
Eyvah Kızım Büyüdü,false,60.0,"[""Komedi"", ""Aile""]",2000-03-22,2001-01-29,"[""Kanal D""]",34.0,2.0,Ended,15.104
Karate Can,false,0.0,"[""Aksiyon & Macera"", ""Dram""]",2000-03-17,2000-06-02,"[""TGRT""]",12.0,1.0,Ended,3.691
Bizim Evin Halleri,false,60.0,"[""Komedi"", ""Dram"", ""Aile"", ""Pembe Dizi""]",2000-02-14,2008-09-01,"[""atv"", ""TRT 1"", ""Kanal 1""]",10.0,10.0,Ended,5.517
Dikkat Bebek Var,false,45.0,"[""Aile"", ""Komedi""]",2000-01-01,2000-01-01,"[""TRT 1""]",1.0,2.0,Ended,1.427
Bana Babamı Anlat,false,75.0,"[""Dram""]",2000-01-01,2000-01-01,"[""TGRT""]",1.0,1.0,Ended,2.079
Evdeki Hesap,false,0.0,String[],2000-01-01,2000-01-01,"[""atv""]",1.0,1.0,Ended,0.826
Savunma,false,45.0,"[""Dram""]",2000-01-01,2000-03-25,"[""atv""]",13.0,1.0,Ended,2.045
Hayat Bağları,false,60.0,"[""Aile"", ""Dram""]",2000-01-01,2002-09-06,"[""atv"", ""Show TV""]",37.0,4.0,Ended,2.573
Bize Ne Oldu,false,120.0,"[""Dram"", ""Aile""]",1999-10-19,1999-10-19,"[""TGRT""]",1.0,1.0,Ended,1.501
Yılan Hikayesi,false,55.0,"[""Suç"", ""Komedi"", ""Dram""]",1999-10-07,2002-05-23,"[""Kanal D""]",90.0,3.0,Ended,41.427
Ayrılsak da Beraberiz,false,45.0,"[""Komedi"", ""Aile""]",1999-09-22,2004-01-05,"[""TRT 1"", ""atv"", ""Star TV""]",288.0,5.0,Ended,36.52
Bücür Cadı,false,25.0,"[""Aile"", ""Komedi"", ""Dram"", ""Çocuklar"", ""Bilim Kurgu & Fantazi""]",1999-09-21,2000-05-12,"[""Star TV""]",169.0,1.0,Ended,8.356
Küçük Besleme,false,50.0,"[""Dram""]",1999-05-19,2001-10-01,"[""Star TV""]",3.0,3.0,Ended,2.999
Kıvılcım,false,50.0,"[""Aile"", ""Dram""]",1999-04-11,1999-07-25,"[""Star TV""]",16.0,1.0,Ended,7.367
İç Güveyi Billy,false,0.0,"[""Aile"", ""Komedi""]",1999-01-01,1999-01-01,"[""TGRT""]",1.0,1.0,Ended,2.009
Sır Dosyası,false,45.0,"[""Gizem""]",1999-01-01,1999-01-01,String[],5.0,1.0,Ended,1.676
Deli Yürek,false,60.0,"[""Dram"", ""Aksiyon & Macera""]",1999-01-01,2002-06-17,"[""Show TV"", ""atv""]",113.0,4.0,Ended,14.872
Aşkın Dağlarda Gezer,false,50.0,"[""Aile"", ""Dram""]",1999-01-01,1999-05-21,"[""TGRT""]",21.0,1.0,Ended,12.028
Üvey Baba,false,60.0,"[""Dram"", ""Suç"", ""Aile""]",1998-11-26,2003-12-22,"[""Star TV""]",204.0,6.0,Ended,40.419
Cumhuriyet,false,50.0,"[""Dram"", ""Savaş & Politik""]",1998-10-30,1998-10-30,"[""TRT 1""]",5.0,1.0,Ended,2.348
İkinci Bahar,false,0.0,"[""Aile"", ""Dram""]",1998-10-29,2001-01-11,"[""atv"", ""Kanal 6""]",37.0,3.0,Ended,19.701
12 Eylül,false,412.0,"[""Belgesel""]",1998-10-12,1998-12-07,String[],9.0,1.0,Ended,1.539
Ruhsar,false,45.0,"[""Aile"", ""Komedi"", ""Bilim Kurgu & Fantazi""]",1998-07-04,2002-01-01,"[""Kanal D""]",109.0,5.0,Ended,13.622
Çarli,false,40.0,"[""Komedi"", ""Aile""]",1998-04-27,1998-04-27,"[""Star TV""]",1.0,2.0,Ended,1.003
Eltiler,false,30.0,"[""Aile"", ""Komedi"", ""Dram""]",1998-02-02,1998-10-02,"[""TGRT""]",2.0,2.0,Ended,1.4
Aynalı Tahir,false,60.0,"[""Aile"", ""Dram""]",1998-01-03,2001-11-17,"[""Star TV"", ""Flash TV""]",169.0,5.0,Ended,10.299
Dış Kapının Mandalları,false,45.0,"[""Komedi"", ""Aile""]",1998-01-01,1998-03-05,"[""Star TV""]",10.0,1.0,Ended,6.394
Ateş Dansı,false,45.0,String[],1998-01-01,1998-06-25,"[""Kanal D""]",26.0,1.0,Ended,3.945
Affet Bizi Hocam,false,45.0,"[""Dram""]",1998-01-01,1998-04-16,"[""atv""]",16.0,1.0,Ended,7.98
Yerim Seni,false,60.0,"[""Komedi""]",1997-10-20,1998-01-12,"[""Star TV""]",13.0,1.0,Ended,5.678
Böyle mi Olacaktı,false,45.0,"[""Dram""]",1997-10-17,2003-01-15,"[""atv""]",167.0,6.0,Ended,15.297
Sıcak Saatler,false,65.0,"[""Aksiyon & Macera"", ""Dram""]",1997-09-15,2000-06-05,"[""atv""]",79.0,3.0,Ended,19.742
Şaban ile Şirin,false,0.0,"[""Komedi""]",1997-03-05,1997-05-31,"[""atv""]",13.0,1.0,Ended,6.53
Sıdıka,false,55.0,"[""Aile"", ""Komedi""]",1997-02-24,2003-08-07,"[""Show TV""]",98.0,3.0,Ended,32.542
Kara Melek,false,50.0,"[""Aksiyon & Macera"", ""Dram""]",1997-02-19,2000-01-12,"[""Star TV""]",110.0,4.0,Ended,21.01
Baskül Ailesi,false,45.0,"[""Aile"", ""Komedi""]",1997-02-01,1997-05-17,"[""Kanal D"", ""Star TV""]",16.0,1.0,Ended,5.702
İlşkiler,false,45.0,"[""Aile"", ""Dram""]",1997-01-01,1997-01-01,"[""atv""]",1.0,1.0,Ended,4.694
Gülüm,false,0.0,"[""Dram""]",1997-01-01,1997-01-01,"[""Star TV""]",1.0,1.0,Ended,1.34
İlk Aşk,false,0.0,String[],1997-01-01,1997-01-01,"[""Kanal D""]",1.0,1.0,Ended,0.6
Tatlı Kaçıklar,false,40.0,"[""Komedi""]",1996-11-06,2001-06-15,"[""atv""]",165.0,5.0,Ended,24.591
Gözlerinde Son Gece,false,90.0,String[],1996-10-16,1997-01-15,"[""Star TV""]",13.0,1.0,Ended,9.588
Çılgın Bediş,false,45.0,"[""Komedi""]",1996-09-07,2001-03-03,"[""Kanal D"", ""Show TV""]",70.0,4.0,Ended,8.905
Gurbetçiler,false,50.0,"[""Aile"", ""Komedi""]",1996-09-01,1996-09-01,"[""atv""]",1.0,4.0,Ended,2.596
Fırtınalar,false,40.0,"[""Aile"", ""Dram""]",1996-04-10,1996-04-10,"[""Star TV""]",1.0,2.0,Ended,1.125
Bizim Aile,false,45.0,"[""Komedi"", ""Aile""]",1996-01-01,1996-07-22,"[""Kanal D""]",30.0,1.0,Ended,8.429
Tersine Akan Nehir,false,40.0,"[""Dram""]",1996-01-01,1996-03-25,"[""TRT 1""]",13.0,1.0,Ended,5.786
Feride,false,90.0,"[""Dram"", ""Aile""]",1996-01-01,1996-04-08,"[""Star TV""]",15.0,1.0,Ended,8.505
Sevda Kondu,false,45.0,"[""Aile"", ""Dram""]",1996-01-01,1996-04-08,"[""Kanal 6""]",15.0,1.0,Ended,9.38
Şaşıfelek Çıkmazı,false,50.0,"[""Dram"", ""Komedi"", ""Aile""]",1996-01-01,2001-06-25,"[""TRT 1""]",63.0,4.0,Ended,58.713
Reyting Hamdi,false,0.0,String[],1995-10-01,1995-10-01,String[],1.0,1.0,Ended,0.952
Çiçek Taksi,false,45.0,"[""Komedi"", ""Aile""]",1995-09-27,1998-09-02,"[""atv"", ""TRT 1""]",198.0,7.0,Ended,18.873
Evdekiler,false,30.0,"[""Aile"", ""Komedi""]",1995-06-15,1996-12-13,"[""Star TV""]",8.0,1.0,Ended,1.063
Bir Demet Tiyatro,false,60.0,"[""Komedi"", ""Aile"", ""Talk""]",1995-01-14,2006-11-28,"[""Star TV""]",30.0,8.0,Ended,13.289
Kaygısızlar,false,40.0,"[""Komedi"", ""Aile""]",1994-10-18,1998-06-08,"[""Kanal D"", ""Star TV"", ""Kanal 6"", ""BluTV""]",125.0,4.0,Ended,22.132
Şehnaz Tango,false,60.0,"[""Aile"", ""Komedi"", ""Dram""]",1994-10-03,1994-10-03,"[""Show TV"", ""Star TV""]",1.0,4.0,Ended,2.754
Bay Kamber,false,0.0,"[""Komedi""]",1994-06-11,1994-08-20,"[""Star TV""]",11.0,1.0,Ended,2.998
12 Mart: İhtilalin Pençesinde Demokrasi,false,0.0,"[""Belgesel""]",1994-04-03,1994-06-12,"[""Show TV""]",10.0,1.0,Ended,0.6
Kurtuluş,false,390.0,"[""Belgesel"", ""Savaş & Politik""]",1994-03-22,1994-04-26,String[],6.0,1.0,Ended,4.691
Gülşen Abi,false,30.0,"[""Komedi""]",1994-01-01,1995-03-11,"[""TRT 1""]",115.0,3.0,Ended,17.625
Süper Baba,false,45.0,"[""Aile"", ""Komedi"", ""Dram""]",1993-09-25,1996-11-01,"[""atv""]",78.0,4.0,Ended,19.191
Yasemince,false,45.0,"[""Komedi""]",1993-09-10,2010-06-18,"[""Show TV"", ""atv"", ""Kanal D"", ""Star TV"", ""FOX""]",281.0,11.0,Ended,32.868
Yazlıkçılar,false,0.0,"[""Komedi"", ""Aile""]",1993-08-01,1998-10-04,"[""Star TV"", ""TRT 1""]",40.0,6.0,Ended,8.929
Gerçek Kesit,false,60.0,"[""Aksiyon & Macera"", ""Dram"", ""Bilim Kurgu & Fantazi"", ""Komedi"", ""Suç""]",1993-07-01,1993-07-01,"[""Flash TV""]",1.0,1.0,Ended,1.462
Ferhunde Hanım ve Kızları,false,45.0,"[""Aile"", ""Komedi""]",1993-04-12,1994-09-05,"[""Star TV"", ""TRT 1""]",21.0,7.0,Ended,9.875
Tatlı Betüş,false,0.0,"[""Komedi"", ""Dram""]",1993-04-03,1993-05-29,"[""Show TV""]",8.0,1.0,Ended,2.464
Yaz Evi,false,0.0,"[""Dram""]",1993-01-04,1993-02-01,"[""TRT 1""]",5.0,3.0,Ended,4.724
Şaban Askerde,false,0.0,"[""Komedi""]",1993-01-02,1993-04-09,"[""Star TV""]",28.0,1.0,Ended,4.133
Yukarıkarakısık,false,20.0,"[""Dram""]",1993-01-01,1993-03-19,"[""TRT 1""]",12.0,1.0,Ended,4.937
Tanrı Misafiri,false,45.0,"[""Dram""]",1993-01-01,1993-01-01,"[""Show TV""]",1.0,1.0,Ended,0.628
Son Söz Sevginin,false,0.0,"[""Dram"", ""Pembe Dizi""]",1993-01-01,1993-01-01,"[""atv""]",1.0,1.0,Ended,1.648
Zirvedekiler,false,0.0,"[""Dram"", ""Aile""]",1993-01-01,1993-01-01,String[],1.0,1.0,Ended,1.4
Mahallenin Muhtarları,false,50.0,"[""Aile"", ""Komedi""]",1992-10-05,2001-10-01,"[""atv"", ""Kanal D"", ""Star TV"", ""Kanal 6""]",10.0,10.0,Ended,14.767
Saygılar Bizden,false,0.0,"[""Komedi"", ""Dram""]",1992-09-19,1992-12-12,"[""Star TV""]",13.0,1.0,Ended,8.056
Fatih-Harbiye,false,52.0,"[""Dram""]",1992-03-05,1992-03-26,"[""TRT 1""]",4.0,1.0,Ended,8.232
Kızlar Yurdu,false,45.0,"[""Komedi"", ""Dram""]",1992-02-01,1992-07-25,"[""Star TV""]",26.0,1.0,Ended,3.982
Kopuk Dünyalar,false,0.0,String[],1992-01-02,1992-01-02,"[""TRT 1""]",1.0,1.0,Ended,0.6
Demirkırat: Bir Demokrasinin Doğuşu,false,52.0,"[""Belgesel""]",1991-05-14,1991-07-23,"[""TRT 1""]",10.0,1.0,Ended,1.126
Ana,false,0.0,"[""Komedi"", ""Dram""]",1991-01-01,1991-07-23,"[""Star TV""]",30.0,1.0,Ended,9.868
Başka Olur Ağaların Düğünü,false,0.0,String[],1990-01-01,1990-01-29,"[""TRT 1""]",5.0,1.0,Ended,5.781
Cahide,false,0.0,"[""Aile"", ""Dram""]",1989-11-06,1989-12-04,String[],5.0,1.0,Ended,1.98
Samanyolu,false,50.0,"[""Dram""]",1989-05-31,1989-06-21,"[""TRT 1""]",4.0,1.0,Ended,7.531
Bizimkiler,false,60.0,"[""Aile"", ""Komedi""]",1989-01-07,2002-10-27,"[""Show TV"", ""Star TV"", ""TRT 1""]",459.0,15.0,Ended,62.001
Türkmen Düğünü,false,45.0,"[""Dram""]",1989-01-01,1989-01-15,"[""TRT 1""]",3.0,1.0,Ended,2.948
Hisseli Harikalar Kumpanyası,false,0.0,"[""Komedi""]",1989-01-01,1989-01-22,"[""TRT 1""]",4.0,1.0,Ended,5.58
Hanımın Çiftliği,false,60.0,"[""Aile"", ""Dram""]",1989-01-01,1989-02-19,String[],8.0,1.0,Ended,4.894
Gençler,false,30.0,"[""Komedi""]",1989-01-01,1989-06-04,"[""TRT 1""]",23.0,1.0,Ended,6.927
İz Peşinde,false,0.0,String[],1989-01-01,1989-01-01,"[""TRT 1""]",1.0,1.0,Ended,0.6
Keşanlı Ali Destanı,false,30.0,String[],1988-10-01,1988-10-15,"[""TRT 1""]",3.0,1.0,Ended,3.672
Uğurlugiller,false,0.0,"[""Aile"", ""Komedi"", ""Dram""]",1988-06-26,1990-08-29,"[""TRT 1""]",68.0,2.0,Ended,10.003
Olacak O Kadar,false,60.0,"[""Komedi""]",1988-04-22,1988-04-22,"[""atv"", ""FOX"", ""Kanal D"", ""Show TV"", ""Star TV"", ""TRT 1"", ""TRT 2"", ""TGRT""]",1.0,11.0,Ended,3.6
"Kuruluş ""Osmancık""",false,60.0,"[""Savaş & Politik"", ""Aksiyon & Macera""]",1988-01-10,1988-03-27,"[""TRT 1""]",12.0,1.0,Ended,20.204
Yaprak Dökümü,false,60.0,"[""Dram""]",1988-01-01,1988-01-01,"[""TRT 1""]",7.0,1.0,Ended,12.364
Gecenin Öteki Yüzü,false,50.0,"[""Dram""]",1987-12-10,1987-12-24,"[""TRT 1""]",3.0,1.0,Ended,2.037
Uzaylı Zekiye,false,50.0,"[""Komedi"", ""Bilim Kurgu & Fantazi""]",1987-09-04,1987-09-25,"[""TRT 1""]",10.0,1.0,Ended,4.681
Kavanozdaki Adam,false,60.0,"[""Dram"", ""Bilim Kurgu & Fantazi""]",1987-09-01,1987-09-01,"[""TRT 1""]",4.0,1.0,Ended,3.811
Ateşten Günler,false,60.0,"[""Dram"", ""Savaş & Politik""]",1987-02-05,1987-02-26,"[""TRT 1""]",4.0,1.0,Ended,3.959
Belene,false,60.0,"[""Savaş & Politik"", ""Belgesel""]",1987-01-01,1987-01-01,"[""TRT 1""]",4.0,1.0,Ended,2.374
Yeniden Doğmak,false,60.0,"[""Dram"", ""Aile"", ""Savaş & Politik""]",1987-01-01,1987-01-22,"[""TRT 1""]",4.0,1.0,Ended,6.799
Perihan Abla,false,50.0,"[""Aile"", ""Komedi""]",1986-10-08,1988-03-02,"[""TRT 2""]",74.0,2.0,Ended,13.982
Çalıkuşu,false,55.0,"[""Aile"", ""Dram""]",1986-04-20,1986-06-01,"[""TRT 1""]",7.0,1.0,Ended,17.113
Kuruntu Ailesi,false,28.0,"[""Aile"", ""Komedi""]",1985-11-21,1990-12-22,"[""TRT 1""]",121.0,5.0,Ended,10.619
Bugünün Saraylısı,false,0.0,"[""Dram""]",1985-07-18,1985-08-08,"[""TRT 1""]",4.0,1.0,Ended,2.862
Geçmiş Zaman Olur Ki,false,0.0,"[""Aile""]",1985-04-22,1985-05-13,String[],4.0,1.0,Ended,1.242
Aliş ile Zeynep,false,50.0,"[""Aile"", ""Dram""]",1985-04-20,1985-05-18,"[""TRT 1""]",5.0,1.0,Ended,1.883
Acımak,false,55.0,"[""Aile"", ""Dram""]",1985-04-20,1985-06-01,"[""TRT 1""]",7.0,1.0,Ended,4.302
9. Hariciye Koğuşu,false,0.0,"[""Aile"", ""Dram""]",1985-01-29,1985-02-19,"[""TRT 1""]",5.0,1.0,Ended,2.958
Küçük Ağa,false,60.0,"[""Dram"", ""Savaş & Politik""]",1984-03-25,1984-05-13,"[""TRT 1""]",8.0,1.0,Ended,19.915
Devekuşu Kabare,false,70.0,String[],1984-01-01,1990-01-01,String[],12.0,1.0,Ended,7.839
Kartallar Yüksek Uçar,false,0.0,"[""Dram""]",1983-11-26,1984-02-11,"[""TRT 1""]",12.0,1.0,Ended,3.989
Üç İstanbul,false,0.0,String[],1983-01-01,1983-03-12,String[],11.0,1.0,Ended,7.971
Hacı Arif Bey,false,0.0,"[""Aile""]",1982-09-26,1982-10-24,String[],5.0,1.0,Ended,0.6
Yedi Kocalı Hürmüz,false,20.0,String[],1980-01-01,1980-01-01,String[],1.0,1.0,Ended,1.399
Denizin Kanı,false,50.0,String[],1978-01-01,1978-01-29,"[""TRT 1""]",5.0,1.0,Ended,3.143
Şıpsevdi,false,39.0,String[],1977-01-01,1977-01-22,"[""TRT 1""]",4.0,1.0,Ended,6.807
Seyahatname,false,0.0,String[],1977-01-01,1977-01-01,String[],1.0,1.0,Ended,1.258
